0.76453051919802473,0.74590125073110136,0.43303102773754876,0.45677633186246913,0.37182815497950827,0.56118032223054848,0.43632294895889789,0.87491240726071873,0.72455533866510091,0.76868360235947553,25-34_female
0.70533801522023221,0.76399551655809428,0.64149572440258484,0.661973254033009,0.59840785427675314,0.65565283863142887,0.66696301029867622,0.83693636786867842,0.79676931327271105,0.77465310070790516,35-49_male
0.57575268234976318,0.59346468611541958,0.79839287264122571,0.67671200762764283,0.94351937666517949,0.62995713103610684,0.79033559667745268,0.43487860854141402,0.52554474484919822,0.5589091043526172,25-34_female
3.0603658107873182,3.2044891199431396,3.4265568000226225,3.4505189807108296,3.5775525121257834,3.4475596205039123,3.560540297834029,2.862292117502327,2.9983042302533089,3.1052983490212558,35-49_male
1.8505826347338861,1.8005489277042828,2.4682964466714208,2.4703492145193762,3.0026230363287154,2.2282763948496283,2.4572486442124131,1.4983959566148586,1.7038655931298377,1.7482548761359382,35-49_female
0.70293403499629092,0.73657238837311745,0.72382159567877524,0.68323968413467628,0.72700912866794742,0.68532441465704141,0.76588499204630789,0.77301318223248383,0.77941193665284325,0.69736089292596037,25-34_female
3.4076325472565769,3.4695823458240378,3.0533237639567834,2.8945175935098404,2.7361220146681182,3.0336007607478783,3.033838676365427,3.5836205573890556,3.488286911129745,3.4707156685064198,25-34_male
0.75441301753412116,0.81804817636724214,0.71343254707098458,0.68688343502839344,0.59800120823401093,0.71045638964404811,0.71187406775322704,0.83219554202847335,0.82220349076753596,0.78571484122929669,50-64_male
0.76405995537439209,0.63535177874183879,0.65201998083296953,0.84087159026908198,1.0445946817807108,0.78726333138579507,0.79272838658481759,0.91753120997087112,0.76331003434009925,0.66563446072075261,18-24_male
0.548888415132466,0.47869670142916876,0.7622786283068419,0.74951076832733732,1.1298137174164899,0.62716065265125687,0.90673030859842441,0.62158976350254169,0.64617642400887565,0.44025914127893118,35-49_female
2.3605090795243218,2.3861713286154251,2.5924746098710623,2.5084641517926736,2.7363003568459692,2.4792541721473498,2.7640950227665817,2.4492410828477813,2.5442876111782531,2.263281925254383,25-34_female
1.6616215265810494,1.5701792382807043,2.0776051287171531,2.2194047737160369,2.3100449050949989,1.9638452238889859,1.9235058157589273,1.5804053785890302,1.6395089560301144,1.5228012987105515,50-64_male
1.0100043132384262,1.0525434672263951,0.8385515558735277,0.75691022066992131,0.69166417593449991,0.81998626480323478,0.82652487659887564,1.113444187937809,1.0586553260251421,1.0490119754834955,50-64_female
2.3892519179811091,2.283713707606096,2.1591645906244832,2.4502132448186296,2.6640187476755077,2.5075004583690572,2.5343412907117369,2.7103346434427724,2.509500465846624,2.2815871439212465,35-49_female
1.2357753261413185,1.409183713544633,1.451807258841197,1.2341812022070189,1.4377630092846752,1.3003582611069475,1.5983758765163041,1.1077557205159771,1.2772190681783346,1.3126624324790408,35-49_male
0.99996458799348553,1.075750032411501,0.89108732953196335,0.85134531938008839,0.72395425968342109,0.90580908065989019,0.85580618203923731,1.060969027168033,1.0366119946977628,1.0651721239179941,50-64_female
2.395755731789146,2.5216772938891938,2.2456317213421806,1.9952423117340987,2.024183433696122,2.1068135950368436,2.2377607578509902,2.3857834958333521,2.4234149434482033,2.5230145695026285,25-34_male
0.70293403499629092,0.73657238837311745,0.72382159567877524,0.68323968413467628,0.72700912866794742,0.68532441465704141,0.76588499204630789,0.77301318223248383,0.77941193665284325,0.69736089292596037,25-34_female
3.1866842892954557,3.1208808759329103,3.1257837498411813,3.3986761740430409,3.7002927723352586,3.3839638289959515,3.5768771713419008,3.549279347393671,3.3824886276267785,3.1223996454527887,50-64_male
2.1614903108896009,2.2094895017609337,1.8862035010194849,1.7499516970754199,1.6494610560808964,1.8590263216629992,1.8706704101047462,2.303245310249098,2.2232414158135771,2.2089104393096255,35-49_female
0.47712052558781737,0.53820568388877632,0.56843681324262552,0.51365613091226447,0.56298933459638456,0.51113584633862152,0.61795474682039542,0.5195612786066931,0.55859184486728364,0.48538811066600357,35-49_female
1.0219003991408184,1.0826714249424607,0.97804394452957366,0.93068496637793896,0.83968562772710442,0.98434104848191639,0.94422295784270482,1.0178105962110962,1.0134651554855201,1.0383415967393892,65-xx_male
0.5631765348984934,0.63827570550646939,0.60071592300242393,0.55643425426969895,0.56849193042605028,0.54414754005698374,0.5924661037597948,0.55917563864008524,0.58694709146666746,0.63229695894567195,50-64_female
0.75461527390705652,0.76913088127101092,0.53173119005819358,0.61327871191945404,0.46284724722179793,0.68164747235864431,0.5077624333605808,0.82245015326873472,0.70289109844124609,0.78560569989842799,25-34_male
1.0498709832381783,1.0973213284395156,0.92711636958188004,0.89833158802652169,0.83750675370612349,0.94190780465297275,0.92095236011162152,1.1236961125864675,1.0952505941271038,1.0898253489453731,65-xx_male
1.151404093541839,1.2605410407082589,1.3882241633479016,1.2826617329065113,1.4536620167854712,1.2227052366226454,1.3849486123286496,1.0113872274838087,1.129113063605641,1.2559052109547721,35-49_male
2.8851638918874212,3.0450640257682036,2.9197278302281333,2.8249241245185766,2.7498465497282063,2.8564771204365988,3.1606178250504389,3.2536766747567505,3.2883551383896727,2.9494856258227196,35-49_male
0.76453051919802473,0.74590125073110136,0.43303102773754876,0.45677633186246913,0.37182815497950827,0.56118032223054848,0.43632294895889789,0.87491240726071873,0.72455533866510091,0.76868360235947553,25-34_female
8.2268682313998767,8.2640007994025666,7.9912946684837056,7.9074734893294112,7.8922615993243745,8.025515438796889,7.9982184743787466,8.2899050152458962,8.2606505420217857,8.2545356997578185,35-49_male
1.4420420421087436,1.561217375119381,1.720180302068699,1.6032727553453494,1.8018376796772773,1.5330231596621513,1.7176119331807289,1.2738844140990579,1.4118434244860567,1.5568626884814449,50-64_female
1.644990564112867,1.7632674825709873,1.8033895052245064,1.8571877721849266,2.1147899170815938,1.9306297476149856,2.1913191584169263,1.7026712428043305,1.7702379694648984,1.6665464878660616,35-49_male
0.43167868572196505,0.51931631253655153,0.88100434604648392,1.0109920336480607,1.0990934665820289,0.83349819314018325,0.91060697512160726,0.34534672301287489,0.4483201822009536,0.49143100757599179,25-34_male
1.6253311166502338,1.7711402776644207,2.2965332167507326,2.1222442033770221,2.4848425207972458,1.8959472603230627,2.3091916474841017,1.4235456337953554,1.7226447223206993,1.7161463442375546,35-49_female
3.3961359342383375,3.5988993628031238,3.7101414397803754,3.1650372905437627,3.6938271529520348,3.2490396848568612,3.9048882744657503,3.2230314715423414,3.5290173285131248,3.4805353941121404,35-49_male
1.3128180196831534,1.4275950039088392,1.5728525910342024,1.4609159409458563,1.6474033356106244,1.3951762975536948,1.5699743681800538,1.1569903506985999,1.2860841352588619,1.4231171335738557,35-49_male
0.8342146444401235,0.91005781408829078,0.87714953002229668,0.78995500449099865,0.87324915878743681,0.79777840168428071,0.87646065288584785,0.78791914526473183,0.83794132652123654,0.90358116870697658,35-49_female
1.4488459944255707,1.5776182885374124,1.7073049962504228,1.6023633930603975,1.7618033649694111,1.535041655899628,1.7028363301195637,1.2943824027534236,1.4303363540476344,1.5731427546840544,50-64_female
1.6452214486138799,1.6974989802820792,1.889283298217086,1.9724010729267523,1.9815393051172012,1.8954201569566442,1.9725192219536793,1.7309737489691597,1.7938658908306293,1.6107646536296001,35-49_male
0.73175456414502416,0.73299796759927949,1.0405888606018263,1.2419891208870935,1.257685191327379,1.0837990425394346,1.0107177233026745,0.67751951177441516,0.68827957725036049,0.7134319000530942,25-34_male
0.94915537005075001,1.0306358751014721,0.77608853879796524,0.69427804720741149,0.52613300472079572,0.77014898366866102,0.73308098331959404,1.0507174542187634,0.99996427159650236,1.0239310277741589,35-49_female
1.7062265034090827,1.4797097953072498,1.3390063315951768,1.5245126994019107,1.5629276426972845,1.5264365641119466,1.3952352715098095,2.0308404997163332,1.7482646595480096,1.5033199829705381,25-34_female
3.9575151838159157,4.0281197139112033,4.3307444628658951,4.3420435789564138,4.6610197287555026,4.2641036772281984,4.625837720992461,4.0109440603861461,4.1627771037746673,3.900990722676545,35-49_female
0.71295775720727761,0.6467656222220266,0.4869534073218309,0.54981779271956999,0.4381396328852547,0.56735105316377432,0.36909989783523534,0.77675539509863467,0.64388523577415624,0.67170459481237588,35-49_female
1.4211503650364643,1.6395956268180452,1.759397666126171,1.6691610280674929,1.7425684143559759,1.6144491667502336,1.8799996508022401,1.413140807768611,1.6021161430250956,1.5802637892143214,25-34_male
2.3629089221586952,2.5991798498214043,3.3421319416518651,3.1356660646447132,3.8170274539382918,2.8816193544754656,3.6063246422794135,2.0897054545515075,2.5229102668934926,2.5077405641194508,35-49_male
1.7021941372815403,1.7598856690408617,2.1490454684884721,2.0880086584792323,2.1690992183317368,1.9570608673932695,2.0705769336619606,1.5403033177465888,1.7243856010702781,1.6406804201467751,35-49_female
0.70293403499629092,0.73657238837311745,0.72382159567877524,0.68323968413467628,0.72700912866794742,0.68532441465704141,0.76588499204630789,0.77301318223248383,0.77941193665284325,0.69736089292596037,25-34_male
1.4420420421087436,1.561217375119381,1.720180302068699,1.6032727553453494,1.8018376796772773,1.5330231596621513,1.7176119331807289,1.2738844140990579,1.4118434244860567,1.5568626884814449,35-49_female
0.89758260806000312,0.93150024659239739,0.83001091838224739,0.78731950806451234,0.59244448262654226,0.7763197146018872,0.66585793219593137,0.95256044205667922,0.91929416870555769,0.92695202022705914,35-49_female
0.5631765348984934,0.63827570550646939,0.60071592300242393,0.55643425426969895,0.56849193042605028,0.54414754005698374,0.5924661037597948,0.55917563864008524,0.58694709146666746,0.63229695894567195,25-34_female
0.98616232027182282,1.2340854075084944,1.7023208854626681,1.3731619316447576,1.4448544749917418,1.1211161942704762,1.5711171230185086,0.92756268265299013,1.2631161097592321,1.1597827389389024,18-24_female
0.65200033709958294,0.69143516570828489,0.56265841628256785,0.46410513061518144,0.4704588652119534,0.51501998339437183,0.60100161436534327,0.76274870250542204,0.74238512244805821,0.65535784767767125,18-24_male
1.8461330788415107,1.9124340119633476,1.7905150640426246,1.8572936315885116,1.9945908206292025,1.8521628785666362,2.0238746784853747,2.0525290582511437,1.9815980454019302,1.9545434702111697,25-34_female
0.35827658702437215,0.40322351113689231,0.39203656183727087,0.38481406879434565,0.42918122074520854,0.36442511436405717,0.46973746327204136,0.48624053073690271,0.48055156469492605,0.38142669558403858,18-24_male
0.58172893290537797,0.68511239625426812,0.64372563436973695,0.77071835330342797,0.97992313553650523,0.82678530056543964,1.0316236014356415,0.67999928306589164,0.65344160472801116,0.64891008949302098,35-49_male
1.2616444162857379,1.3393475892372539,1.3278168136679231,1.1675176150891182,1.164077674447882,1.1806766314209165,1.2036683245718027,1.1078594116179916,1.1704290437093494,1.3099776545791906,25-34_female
1.0607981849772652,1.0976622950670816,0.94329450804098269,0.90015307731134109,0.87641371261431411,0.94794458698335604,0.93985964217271867,1.1237732849951527,1.0952300358153741,1.0900939707629276,25-34_female
3.6698089597646675,3.7177584165288748,4.1020546116916101,3.9346472616945309,4.3726697160201651,3.8920913993531538,4.3722644891377671,3.6938309484060934,3.9068605294044514,3.5357816481257425,25-34_female
0.60042757510883582,0.59229953719921014,0.61658079586685,0.55714659147228229,0.5367703431177,0.52119071432759778,0.5337785632416806,0.66459169034333798,0.66171501955711354,0.5583788401305716,25-34_female
1.4420420421087436,1.561217375119381,1.720180302068699,1.6032727553453494,1.8018376796772773,1.5330231596621513,1.7176119331807289,1.2738844140990579,1.4118434244860567,1.5568626884814449,25-34_male
0.45746024095588927,0.42993017187782362,0.31830106754279619,0.38310579532722411,0.40717310771295573,0.42651847208435517,0.37568306440633004,0.53448140155539359,0.4453119492928021,0.41703251980194034,35-49_female
2.1114281583686108,2.2524427644393969,2.4794572883474562,2.3378675769588009,2.5964014762832535,2.2452245594739524,2.4784274480544215,1.8820481591609832,2.0640259813876449,2.2486997260649142,35-49_female
0.70293403499629092,0.73657238837311745,0.72382159567877524,0.68323968413467628,0.72700912866794742,0.68532441465704141,0.76588499204630789,0.77301318223248383,0.77941193665284325,0.69736089292596037,35-49_male
0.65200033709958294,0.69143516570828489,0.56265841628256785,0.46410513061518144,0.4704588652119534,0.51501998339437183,0.60100161436534327,0.76274870250542204,0.74238512244805821,0.65535784767767125,25-34_female
0.91360246243170695,0.83510556383779311,1.2204803308807881,1.1680581316650753,1.5147171329862081,1.0246055105782594,1.2804864249022865,0.9442377174661416,0.98883955909820642,0.77529180132221809,50-64_female
0.69199148705330749,0.73623609227620901,0.69738761865312915,0.66759377931859976,0.67503045147694563,0.67158585751555044,0.73758727683941039,0.77301353393187267,0.77935948165354441,0.69693317024400259,35-49_female
1.0100043132384262,1.0525434672263951,0.8385515558735277,0.75691022066992131,0.69166417593449991,0.81998626480323478,0.82652487659887564,1.113444187937809,1.0586553260251421,1.0490119754834955,50-64_female
2.7902381351327534,2.826979679425035,2.7290216860658854,2.7053402680446221,2.6775139225329001,2.719592281155407,2.7207032951789225,2.8530387610582157,2.8249818459984914,2.8203143735719345,25-34_male
0.22946163486955812,0.30526312436715264,0.29536486618656554,0.27365454374544484,0.32264269969431325,0.2369867969054904,0.32461629019242588,0.27240263544511534,0.28813917450804899,0.31679048428570777,25-34_female
5.790483529107874,5.8140850037317069,5.9268241722418313,5.774563310761728,6.0699021466527148,5.8309102464430662,6.151866135630546,5.8849437622791116,6.0060078253212561,5.6631861134974111,35-49_male
2.3533760999301756,2.1537461910887701,2.7047998048634727,2.6986469601219398,3.0497888131484165,2.5039243609010069,2.5185213753437559,2.1133224649620832,2.1824312730594109,2.0863695898101113,50-64_male
0.72179941018049587,0.77648251830683412,0.84756340168721322,0.7464401532631757,1.1934684466306138,0.77226041418975977,1.1678417764083395,0.75806806791038361,0.80077505930112292,0.74141829228762479,25-34_male
1.8063333260445491,1.9523109703938486,2.1208464594788623,2.1954591609427729,2.4938666842964712,2.2179576452802774,2.5345031704996792,1.8087541415005211,1.9284382930475008,1.8383429175774091,35-49_male
1.237097830919367,1.3492521603758272,1.4863375045503511,1.3773649090207809,1.556650694097329,1.3143144675230971,1.483274521455054,1.0886222905227643,1.2124299034009849,1.3447008378599576,18-24_male
1.0098798332844539,1.0525204018715915,0.79238716721131852,0.69484293932310348,0.63293516744113132,0.78534193053179435,0.7843666976375544,1.1134312811600169,1.0582762349216175,1.0482500263790417,25-34_male
0.47080676912281394,0.45768959615970872,0.26240917329225177,0.37748527004163335,0.3305505105127633,0.41058545320023354,0.30505879786559609,0.59840423549219934,0.46272178091196869,0.4947524502658428,25-34_male
0.93653314362129425,1.0377989819861342,1.1409555774694802,1.044288864527664,1.193675685101991,0.99240319820938394,1.1371255242041269,0.81858147833540107,0.92044246143066943,1.0329427076227615,25-34_female
2.0723688976812786,2.1201108136782185,1.8019726812838592,1.6682909663740577,1.5694605790370539,1.7752003069955971,1.7866030733145042,2.2123237184503899,2.1335030479780372,2.1193927681822449,25-34_female
1.1286508105715607,1.2454501690837754,1.7922788574062098,1.8900141486135202,2.4720149612228788,1.7632645409915382,2.1487425899621155,0.86791031706094657,1.0748665324521904,1.1731727792559252,35-49_female
1.1897969276530285,1.0397875560301877,1.5112378268381228,1.5782765938831851,1.942740235645154,1.3580456367416549,1.4103376996027479,1.0577395847921924,1.0972146519455308,1.046289564931127,18-24_male
0.70533801522023221,0.76399551655809428,0.64149572440258484,0.661973254033009,0.59840785427675314,0.65565283863142887,0.66696301029867622,0.83693636786867842,0.79676931327271105,0.77465310070790516,35-49_female
3.9985565544430903,3.8008282094223067,3.6108139682429008,3.9226575928344971,4.076932450423417,4.1017748630844029,3.8978422623907236,4.1251074125786484,3.8732962002422151,3.7356754645705195,25-34_male
4.1599415284372627,4.0812687925293307,4.0274949663426245,4.3840533541989455,4.5171820040815671,4.3924748752391753,4.4367884607279269,4.5155093717731623,4.3456996726644377,4.038424944247117,25-34_male
4.7902729005767037,4.6137974785213896,4.2214098047382391,4.2167978328080906,4.4780393171717421,4.5152576640348663,4.5874148342432814,5.0367157874449262,4.7794625973899434,4.5174922016778059,50-64_male
1.3806363908461212,1.4977327313298407,1.6502174773830998,1.5356595526341636,1.7285157223517311,1.4675417017416246,1.6475026480592667,1.2183068346706118,1.3520754683630001,1.4933198187534624,35-49_female
0.70293403499629092,0.73657238837311745,0.72382159567877524,0.68323968413467628,0.72700912866794742,0.68532441465704141,0.76588499204630789,0.77301318223248383,0.77941193665284325,0.69736089292596037,25-34_female
1.1999352355732296,1.1689636234101903,1.5232241821050991,1.4025030129911698,1.8598713033308809,1.2661970650471637,1.5410560722634861,1.0371249657455857,1.1326820972114096,1.1664589739522984,25-34_female
1.9242282625557936,1.8846608864228189,2.0839707727624819,1.8087711295385747,2.1950171192396613,1.7605973524461858,2.1310267451723881,1.9425176491775742,2.011659728940248,1.8241537121907885,25-34_male
2.6097350776306998,2.6782470450667777,3.1186105594966995,2.9645676826614018,3.3949700638321403,2.8751415472607542,3.3469067613373298,2.5767854381955906,2.8014065147697016,2.5221522524110962,35-49_male
0.71615608320924307,0.76430874730019882,0.62176531276602154,0.61555187750226759,0.59165752297438634,0.63474706150147941,0.65310254654425248,0.8369231093914975,0.79644267716848527,0.77431887428540902,25-34_female
0.90749785335097122,0.90827061605248804,0.73131075606160256,0.63081712800752743,0.50142539038425249,0.65585256447379114,0.59441844779424846,1.0050226960486632,0.9409584089294124,0.91002992268810678,35-49_female
0.81546421709473282,0.79103847339593369,0.59419420713375604,0.67591088538196387,0.62837841843550224,0.73148475349321784,0.60120632663986251,0.88517688698778052,0.76158215286988595,0.81068664760776454,35-49_female
5.1256255467515555,5.1593371853889094,5.2715903580196528,5.457099209236512,5.5772432445991518,5.4673882542139394,5.5923711729741772,5.2538508866728799,5.2629605686450915,5.0371049465094879,25-34_male
1.2057542344919316,1.213360034983564,1.4021927835585131,1.7641898495664596,2.0823243963837799,1.7251775888883314,1.8301527460133165,1.265869716045392,1.2027076146259628,1.1911467691194575,25-34_male
0.35827658702437215,0.40322351113689231,0.39203656183727087,0.38481406879434565,0.42918122074520854,0.36442511436405717,0.46973746327204136,0.48624053073690271,0.48055156469492605,0.38142669558403858,35-49_female
2.8901081464539917,2.9831308612046707,2.8028743738956519,2.7031383702985017,2.6264911125578001,2.8471156324100049,2.9305554582753257,3.0008821324556707,2.9864194092217207,2.8750084904620947,25-34_male
1.1341744275936767,1.1759704898897683,1.3335717026130849,1.2900558649426186,1.5218507771333647,1.1747156156425438,1.3381913936375094,1.0524743102444396,1.1137457754478617,1.2086569986854303,25-34_female
0.5631765348984934,0.63827570550646939,0.60071592300242393,0.55643425426969895,0.56849193042605028,0.54414754005698374,0.5924661037597948,0.55917563864008524,0.58694709146666746,0.63229695894567195,35-49_male
0.89758260806000312,0.93150024659239739,0.83001091838224739,0.78731950806451234,0.59244448262654226,0.7763197146018872,0.66585793219593137,0.95256044205667922,0.91929416870555769,0.92695202022705914,35-49_male
4.615497280230203,4.8273272138118513,4.5816930163547003,4.2239479064375596,4.281819953204641,4.3092928538965749,4.5623621661150455,4.5254021398022521,4.639389367455566,4.8360827200584922,25-34_male
0.4652078751608959,0.44205309313832014,0.41480483866352658,0.48725627006863426,0.73425929616215502,0.52100026683165568,0.65624126758161894,0.57358757369199964,0.49987017396093625,0.42581391733197349,25-34_female
1.0299188743286962,1.0479264800054358,0.9158156286904432,0.9472510043290715,1.2429503681249379,1.0166902812755862,1.2843361389364281,1.2440595471588316,1.1581368355859367,1.0388937747821321,25-34_male
1.4420420421087436,1.561217375119381,1.720180302068699,1.6032727553453494,1.8018376796772773,1.5330231596621513,1.7176119331807289,1.2738844140990579,1.4118434244860567,1.5568626884814449,25-34_female
8.352192113941161,8.0358283897045411,7.3669605829784608,7.951802879662436,7.8101902489168609,8.2045636041989045,7.4472179879588181,8.4547081213637938,7.8753111119083119,8.1810657819324106,35-49_male
0.98391636367419189,1.0699554527199162,0.92066434001229069,0.89675567488444385,0.73866616025240539,0.92721268742970286,0.87311126578734333,1.0443740155197794,1.0213914331845348,1.0592731681205401,18-24_female
3.4336336141872104,3.3043054630579141,2.9952302617963742,3.2991800860580547,3.4142051716373478,3.4276577467402989,3.281819459885837,3.6990503851301018,3.4330887529954053,3.3382917468691562,35-49_male
0.80986253570319566,1.0255273973029528,1.3863126461309305,1.3767412025598014,1.4788920828434482,1.199354552708966,1.485026118611229,0.76213233419041548,0.98085476645081615,0.96955555133243188,35-49_male
1.7062469969188574,1.8846749613115468,1.934777592164592,1.6559994964186839,1.5449850639696856,1.5535284927685531,1.671128533093422,1.6182299591529783,1.7857271620924897,1.8944690032983686,25-34_female
4.0489182101416636,4.1890258630091806,5.0121210511370826,4.7178819657789948,5.3456036044625215,4.4653295988307526,5.1016421787549877,3.7112917705392761,4.1583173871438648,4.0341809093408934,25-34_male
3.6843156822926031,3.7045335459718416,3.7377211747824957,3.5873029120700131,3.6660066496245771,3.5739919834510583,3.6357519897843891,3.6377047679490264,3.7102589808803019,3.6711274325182952,18-24_female
0.60042757510883582,0.59229953719921014,0.61658079586685,0.55714659147228229,0.5367703431177,0.52119071432759778,0.5337785632416806,0.66459169034333798,0.66171501955711354,0.5583788401305716,25-34_male
4.4022107716303367,4.4319241405354006,4.4550874051753189,4.2308414864262582,4.5049282030138844,4.3299138955430854,4.6931398952680805,4.551216356611933,4.6520458395397757,4.27258334361784,35-49_male
0.81738758343831863,0.9980368229042571,1.210473879373108,1.0055105313910289,1.0019632257687625,0.86223830807054713,1.112308101707123,0.78438723343113326,0.96949523288313166,0.96074050615287998,25-34_female
3.3749279130596093,3.2331975283876679,2.9917436089368388,3.3657505344377974,3.5240325503340193,3.4382768806779325,3.4145833397697043,3.813737134384366,3.490683280809038,3.2701911916577409,50-64_male
3.6458631116818383,3.8409565116089435,4.1759758510596985,3.8205553679171564,4.2661180642244343,3.7820457748088905,4.4468170981082826,3.5787954868407925,3.9115352648524859,3.6589846246453939,25-34_male
0.57399460288750437,0.63858893624857394,0.58098551136586074,0.51001287773895754,0.56174159912368349,0.52324176292703428,0.57860564000537107,0.55916238016290432,0.58662045536244156,0.63196273252317581,50-64_female
1.0530649653219135,1.1915831725612214,1.3872311179105672,1.3807735400397227,1.7877966765389568,1.3597722181597434,1.6785849889885018,0.90565477212636925,1.0133759994263212,1.1711697976009237,18-24_female
0.29690078959602562,0.37227326985288345,0.60474958506745169,0.46684825493193738,0.62263059379958718,0.35596627044035895,0.57924009216751948,0.26057822074416959,0.35447743170215451,0.34932413178460586,35-49_female
0.98914652000447467,1.0754368016693963,0.91081774116852665,0.8977666959108298,0.73070459098578788,0.92671485778983964,0.86966664579366115,1.0609822856452138,1.0369386308019886,1.0655063503404902,50-64_female
0.81546421709473282,0.79103847339593369,0.59419420713375604,0.67591088538196387,0.62837841843550224,0.73148475349321784,0.60120632663986251,0.88517688698778052,0.76158215286988595,0.81068664760776454,35-49_male
0.42289328749211819,0.47084900740551816,0.55403668240865878,0.43144563911552719,0.49618167859437878,0.37765566881076335,0.51977232372791049,0.44768042030260802,0.47062342815996216,0.45144798497115551,50-64_male
0.60042757510883582,0.59229953719921014,0.61658079586685,0.55714659147228229,0.5367703431177,0.52119071432759778,0.5337785632416806,0.66459169034333798,0.66171501955711354,0.5583788401305716,35-49_female
0.60890211766766755,0.66047464549656687,0.56457580475859126,0.58463646074959497,0.55759808796828525,0.56941852306777196,0.60298693001777726,0.747653734547299,0.70371207400926661,0.67665050535133831,50-64_female
1.34652166263009,1.3245331373238733,1.3481741442385047,1.2594066124681966,1.3876315619095507,1.2958250722409377,1.3600123628574756,1.3606800271797914,1.3612501608544365,1.2696615539430063,25-34_female
1.3806363908461212,1.4977327313298407,1.6502174773830998,1.5356595526341636,1.7285157223517311,1.4675417017416246,1.6475026480592667,1.2183068346706118,1.3520754683630001,1.4933198187534624,25-34_male
1.4420420421087436,1.561217375119381,1.720180302068699,1.6032727553453494,1.8018376796772773,1.5330231596621513,1.7176119331807289,1.2738844140990579,1.4118434244860567,1.5568626884814449,25-34_male
0.36194076585751256,0.46059640033410038,0.97982158824908394,1.1162819660691694,1.3259608467612032,0.8566373975860706,1.0658530358416938,0.29231116199504809,0.45180189656087172,0.43293830568005487,65-xx_female
3.160547738750318,3.4290058555647307,3.5640147317905591,3.4109294047804521,3.3855500444398969,3.3468226317697272,3.4702013920589589,2.8977340899207231,3.1119404938189286,3.415949020803728,65-xx_female
0.49717721063070808,0.56728521883141647,0.76362499220417446,0.7333988429095315,0.88759525165821507,0.61499312987290944,0.86406959576715792,0.60132157424943022,0.67054034912603688,0.53847973487460743,35-49_male
0.61646241389006662,0.70460096564154173,0.76685268231714665,0.68502207902547085,0.79836237367064222,0.64659679050614938,0.76209784067752162,0.53531067375056929,0.61071255457592488,0.69937703792089823,18-24_female
1.3832088592310041,1.6011231311393299,1.6075868202384931,1.2901994745786209,1.4193900423856429,1.3476421283155917,1.6898751099793619,1.3015821262411826,1.5099205811955572,1.5048608286704741,35-49_male
0.95843155124767931,0.95340783871732038,0.89247393545780984,0.84995168152702216,0.75797565384024645,0.82615699573646073,0.75930182547521308,1.0152871757757249,0.97798522313419745,0.95203296793639591,25-34_female
1.1324029245487006,1.0863064662712061,1.3533601307110408,1.6702030725305794,1.9541004809915805,1.5350276642733449,1.6171637199713111,1.2288798727719321,1.1853707323263991,1.0882313657861236,35-49_male
0.71295775720727761,0.6467656222220266,0.4869534073218309,0.54981779271956999,0.4381396328852547,0.56735105316377432,0.36909989783523534,0.77675539509863467,0.64388523577415624,0.67170459481237588,50-64_male
2.238970230782662,2.4659820772633072,2.8379836762217097,2.5434891079065074,2.9027122510942753,2.4712288710029662,3.0323516330910696,2.0932319540321944,2.4346210241684174,2.311080925746813,35-49_male
1.4850965636368318,1.6902016721757995,2.4476420435931785,2.2580757092980366,2.9669518859238027,2.0060510240096123,2.757332368494354,1.2892423727495514,1.6926899300522358,1.5887250896392935,35-49_female
0.60042757510883582,0.59229953719921014,0.61658079586685,0.55714659147228229,0.5367703431177,0.52119071432759778,0.5337785632416806,0.66459169034333798,0.66171501955711354,0.5583788401305716,25-34_male
1.0499954631921509,1.0973443937943193,0.97328075824408899,0.96039886937333963,0.89623576219949219,0.97655213892441317,0.96311053907294275,1.1237090193642596,1.0956296852306284,1.0905872980498268,25-34_female
7.6072272175398128,7.7054942700588018,7.5721898867892836,7.6261624171662765,7.5001311879741852,7.607634077659724,7.6524215130241604,7.8041491231410376,7.7948900853482526,7.688689156975542,35-49_male
2.3663949873584191,2.5464440195385367,2.8027558364412553,3.0142248640351466,3.1424675465590566,2.946696084118682,3.1654789900831402,2.4160763332734572,2.5189914426140652,2.4543648732300838,50-64_male
0.80870306838867589,0.95247673765349572,1.2692116800506421,1.0285801152054808,1.2913307436529911,0.85119656480391392,1.3126817954962737,0.83929031684077504,1.0531484883334543,0.91473600166284408,25-34_male
0.36299596591883304,0.42299996394072753,0.63825591229836298,0.56466912316047502,0.67101035267975639,0.43953051502982604,0.57942547617139883,0.30519815163784392,0.3791756979030656,0.41493479421668544,35-49_female
0.86227479130277984,1.1345344017840109,1.4663475746114369,1.2886857574853567,1.5628664345660885,1.160433268092786,1.729019517450302,0.91047349814142198,1.1785727839987004,1.0512881238329805,35-49_female
1.2807174825575771,1.2239865360737796,1.2902066357551907,1.3163890180307911,1.312206524526764,1.2414108915942612,1.1069097139743513,1.1884079687223545,1.1641287412114991,1.2362132092218934,35-49_female
1.9773951762940776,2.1964685162443942,2.268873134037674,1.9843113658258933,2.1083131728440758,1.9982439631508742,2.3739142237232502,1.9243673170616302,2.1415936957153039,2.0884006215074407,25-34_male
2.1456252692371924,2.2912867184121635,3.1532305418474547,2.9114317138796704,3.5047087684071521,2.5532632088424116,3.1664554292981455,1.8691500063265702,2.2798990404845458,2.2282686615468412,50-64_female
3.307222631734184,3.3145465769356508,3.4174574007788303,3.5128879388005476,3.8247398342040624,3.4884981693830674,3.8270594934725399,3.650124076979735,3.6442144697841092,3.2456121307555104,50-64_male
1.3624992082183072,1.3611723626667325,1.601377504846935,1.723751489933574,1.6823887839911138,1.5945530142815196,1.4776589863538525,1.2956681366180112,1.3062460784872332,1.3482421908947402,35-49_male
1.3612008177759305,1.3340101547061454,1.2927400460333018,1.2401971929118827,1.1141845556030494,1.1962227291681216,1.093285509542675,1.4149584072334012,1.3726923510595614,1.3354436049428833,25-34_female
0.70533801522023221,0.76399551655809428,0.64149572440258484,0.661973254033009,0.59840785427675314,0.65565283863142887,0.66696301029867622,0.83693636786867842,0.79676931327271105,0.77465310070790516,35-49_female
1.3869299970707649,1.7845345824868819,2.0246064274794633,1.7112795393157987,1.9159815653997088,1.6506336917788635,2.2806952083515757,1.3608791096434518,1.7318844455659508,1.667796872969324,25-34_female
1.5317483084186361,1.5432699104377845,1.9262216945111903,2.1336660674571566,2.2704887106265024,1.9625519998367851,2.0881033034745982,1.6193596381820905,1.6705033878581561,1.4687455381683208,50-64_male
0.94748900330469588,0.95307154262041216,0.86603995843216397,0.83430577671094563,0.70599697664924466,0.81241843859496954,0.73100411026831558,1.0152875274751139,0.97793276813489871,0.95160524525443813,25-34_male
1.0753923991161232,0.88373621667476165,1.1466623771782396,1.1452324331215991,1.4570965752499758,1.0026096818605661,1.0917387723250607,1.1297038527914056,1.0508151812073263,0.89503516430396046,50-64_male
0.45746024095588927,0.42993017187782362,0.31830106754279619,0.38310579532722411,0.40717310771295573,0.42651847208435517,0.37568306440633004,0.53448140155539359,0.4453119492928021,0.41703251980194034,25-34_female
0.21611510670263345,0.27750370008526759,0.35125676043711007,0.27927506903103561,0.39926529689450557,0.25291981578961192,0.39524055673315994,0.20847980150830958,0.27072934288888234,0.23907055382180536,25-34_male
0.65543161997553934,0.7424242205300795,0.60546668435266826,0.6149869853865757,0.48485536025405085,0.61955411463834631,0.60181683222629212,0.7742092824502439,0.73813071384337015,0.74999987568052617,50-64_female
1.0098798332844539,1.0525204018715915,0.79238716721131852,0.69484293932310348,0.63293516744113132,0.78534193053179435,0.7843666976375544,1.1134312811600169,1.0582762349216175,1.0482500263790417,25-34_male
