8fe1d3ad9d39d9090d8b82d4998b1e1d,35-49_male
540a450c49918c573c0fa6e248c4f99a,25-34_female
1c39d4e276614ed4ae14e0f05eed5ffb,35-49_female
1038fb1837c58c0176057f3bc944b394,50-64_male
d1d962d320c702ebb306f1202dc0a892,25-34_female
da2d618fd5845643b8a0fb8d3665ea9a,25-34_male
682a37324cabfd75145600a53ed376a6,50-64_male
766cbd12ebf89cf28b72140ec88ad43c,35-49_female
85d47190b053147a45b53dcc0cddd8e8,35-49_male
520ccb3440e73ccc7eaa4a72fec9a3ad,50-64_male
a576c39e3a2526ad175859fc81c581c6,35-49_female
4cc8bb446e118001fb0fd47be1ecd7d5,35-49_male
c3442669bea8bae8bc8dea3b241f3085,18-24_female
b522ea96eb2d54b50a1d7bc6a9ce5043,25-34_male
9020eae9884a708b89de38300ea1975f,25-34_female
2df2ed5a9ef1b156822e192c8925a076,35-49_male
b073a9429fc07142c6e4cb8a651711a3,25-34_female
34c49230fb41782371a1cae73c1efdef,35-49_female
9fd50a877070139eb06c70e34346d8bf,35-49_male
4484a71d8e34e3f371c79331fa99ddef,50-64_female
1055e69fb704bb2688b04fba72dc4f84,35-49_male
3bf4c9de0f6bd972c041489b0cf65acc,35-49_female
580904cd95c656daaeef6b88c675c468,35-49_female
53428f996fc7234c974347a02f0cc2d2,50-64_male
4a665039f7414a12010af73beff62661,25-34_male
1bcdd2474cbd7bcd2607831f0bff2116,25-34_male
f1fe92e3f8325ad289cda14cc3895237,18-24_male
2dfd58a3313e966f17ba3cbee18ef515,35-49_male
d3798f27859b7ebb6cea0f9bc1fafffc,25-34_female
07c53b33c91c24572a5c9062d5f48141,35-49_male
ba70c2216cadedccd9986a3f53343653,35-49_female
54ca820c843658e6883a337c121aeab0,35-49_female
85ad8a91a1d7c6c6a476a6f596816766,50-64_female
3fd2c915c69120fa7aca06885cb0e56c,25-34_male
7362827cfb284a766663704a218640fb,35-49_male
2e9ac1a69c601cd22f83fb3c6eed4a03,25-34_male
4a533e88773067058f51a68b838e0bb0,35-49_male
4aea1c28f32e0f24d10af683c56d5571,35-49_female
e648e2f42adceeefc5b46370242088d3,35-49_female
325a3910e81d6fdef13ebd10e62b6811,50-64_male
0c00fa3ef88f8eb4bba639487ea0c762,25-34_male
c3d6eab124700183f6f587668fdcd75c,35-49_female
26fda4caeecf204bc418bf97c3f599ea,25-34_female
5890137e9658fdb09e071c1e64070489,35-49_male
de31a12688ded0d9adad8668f002039e,25-34_female
67b65b5ecfd4737ef2d1635f7787d27c,50-64_male
148e1283400c3d4cb1e3ac00854c25e2,35-49_male
7e06fe3aee5830c64fda067726546168,35-49_male
0110474636e37c55aef34807e3f54d44,25-34_male
d422b458cbd644bc5927c8446b6db4ba,35-49_male
e7bc5379332aa8ecd6556f0786c4df4c,18-24_male
fbaedc3950ca5acee4b60db513967c1d,25-34_male
1cfdf0a3716e1763c1169e7283fc0e14,50-64_female
db11f09651dc406777fa9a8b66c9ce74,35-49_female
0eb7f418ba382ba0ff73aa25cbb29209,25-34_female
8ae15c1b6d4da444f4db073df2dff907,35-49_female
462d9d8cf5c19c97d2095ac1bd7a63d2,25-34_female
825784b9c15fa74f65216686f5dde7f9,25-34_female
3ac27909bc2163a6c21409eac1c1ed65,35-49_female
f5add0245cd1dbdf51f0e47b5b56849f,35-49_female
c01fd755dca848c908c0f951b04a7d3e,65-xx_female
ea0880eda098f77e073bbe36a6430334,50-64_female
02cfe71ae7860a601488e235dca4fc01,18-24_female
fe826c2665b9aecd0e77a27eaa21e1d5,35-49_male
af7e424ff35b8498dbce971f925a5094,25-34_female
4be57f5dff5e036d8d79e31011cb2879,35-49_male
aec81778c4b10ebc675dc53c022b1e52,35-49_female
9034a7b088308ca4370991ea7216304b,35-49_female
5d61c43131c23370fc6fb913e68230d9,25-34_female
130bfba94873cfb1240f40a4b72232db,50-64_female
fb469db5948c240843fc4a099b22d1ae,25-34_male
92bcd32ed94c91ecd9e2b464f35c44c4,35-49_female
1da67ceb9429fdc58518f67678a3dbc1,25-34_male
913e54a57730b7790f2d81c0f15df3c3,35-49_male
1e7a0355e2149431d26aefd9eb437b52,35-49_male
8cff8138a9fdcb353551758b739be7cc,65-xx_male
8849cb8d30418022a458b107014b7335,25-34_male
c5d2e865b505de7169ba7e279d479e4b,35-49_female
5f27914a06aa911ba82af6892d1683ef,35-49_male
bf517aa45c60b22b5145233eb92ebe85,35-49_male
e286a094617add732b1bfb7290cdbdfe,25-34_male
2b2d2f62b681590843b61af24a27caa5,35-49_female
aaf506fbdea02d54e89c698640d2514e,50-64_female
b420dae24e9408d5129fa41dbd7abf93,65-xx_female
5a7f85e1b20ee59614b5be3bb53d46aa,35-49_male
b3852c74baf935863c9293597c8222e0,25-34_female
88af04b0a2bdd8fafc272158dda49ce9,35-49_female
2b88a799dede7e3e41e4afb67e0ec702,65-xx_male
